Group hierarchy,Region,Service,Upfront,Monthly,First 12 months total,Currency,Configuration summary
My Estimate,US East (N. Virginia),Amazon RDS for MySQL,0,163.393,1960.72,USD,"Quantity (1), Storage for each RDS instance (General Purpose SSD (gp2)), Storage amount (30 GB)"
My Estimate,US East (N. Virginia),Amazon EC2,15321.24,30,15681.24,USD,"Operating system (Linux), Quantity (10), Storage for each EC2 instance (General Purpose SSD (gp2)), Storage amount (30 GB), Instance type (m6g.xlarge)"
My Estimate,US East (N. Virginia),Amazon Virtual Private Cloud (VPC),0,78.93,947.16,USD,Number of NAT Gateways (1)
My Estimate,US East (N. Virginia),Amazon Virtual Private Cloud (VPC),0,614.4,7372.80,USD," Inbound (from: Internet) 30 TB per month 
 Outbound (to: Amazon Cloud Front) 30 TB per month 
 Intra-Region 30 TB per month 
"
My Estimate,US East (N. Virginia),Amazon RDS for MySQL,0,3844.656,46135.87,USD,"Quantity (1), Storage for each RDS instance (General Purpose SSD (gp2)), Storage amount (30 GB)"
My Estimate,US East (N. Virginia),Elastic Load Balancing,0,36.870000000000005,442.44,USD,Number of Application Load Balancers (1)
My Estimate,US East (N. Virginia),S3 Standard,0,1.04,12.48,USD,S3 Standard storage (30 GB per month)
My Estimate,US East (N. Virginia),Data Transfer,0,0,0.00,USD," Inbound (from: Internet) 30 GB per month 
 Outbound (to: Amazon Cloud Front) 30 GB per month 
"
My Estimate,US East (N. Virginia),Elastic Load Balancing,0,29.57,354.84,USD,"Number of Network Load Balancers (1), Processed bytes per NLB for TCP (1 GB per hour), Average number of new TCP connections (1 per second), Average TCP connection duration (1 seconds), Processed bytes per NLB for UDP (1 GB per hour), Average number of new UDP Flows (1 per second), Average UDP Flow duration (1 seconds), Processed bytes per NLB for TLS (1 GB per hour), Average number of new TLS connections (1 per second), Average TLS connection duration (1 seconds)"



"AWS Pricing Calculator provides only an estimate of your AWS fees and doesn't include any taxes that might apply. Your actual fees depend on a variety of factors, including your actual usage of AWS services."


I changed typed of EC2 to reserved and all upfront payment.